<?xml version="1.0" encoding="UTF-8"?>
<project-private xmlns="http://www.netbeans.org/ns/project-private/1">
    <editor-bookmarks xmlns="http://www.netbeans.org/ns/editor-bookmarks/2" lastBookmarkId="0"/>
    <open-files xmlns="http://www.netbeans.org/ns/projectui-open-files/2">
        <group>
            <file>file:/C:/Users/EstudianteUC/Downloads/ProyectoAlmacen/ProyectoAlmacen/src/SubMenu/FrmProveedores.java</file>
            <file>file:/C:/Users/EstudianteUC/Downloads/ProyectoAlmacen/ProyectoAlmacen/src/Conexion/Conectar.java</file>
            <file>file:/C:/Users/EstudianteUC/Downloads/ProyectoAlmacen/ProyectoAlmacen/src/Formularios/FrmMenu.java</file>
            <file>file:/C:/Users/EstudianteUC/Downloads/ProyectoAlmacen/ProyectoAlmacen/test/Conexion/ConexionBDTest.java</file>
            <file>file:/C:/Users/EstudianteUC/Downloads/ProyectoAlmacen/ProyectoAlmacen/src/Formularios/FrmInicio.java</file>
            <file>file:/C:/Users/EstudianteUC/Downloads/ProyectoAlmacen/ProyectoAlmacen/src/SubMenu/FrmClientes.java</file>
            <file>file:/C:/Users/EstudianteUC/Downloads/ProyectoAlmacen/ProyectoAlmacen/src/SubMenu/FrmProducto.java</file>
        </group>
    </open-files>
</project-private>
